transaction_id,utr,amount,vpa,status,timestamp,latitude,longitude,device_model,brand,ledger_verified
1774916916214,507002524469,200014.0,Kaushi@oksbi,SUCCESS,2026-03-31T00:28:36.214Z,15.392250997408352,73.8818807638464,iPhone 17 Pro,Apple,
1774917440104,861893198422,50032.0,kekky327@okicici,SUCCESS,2026-03-31T00:37:20.104Z,15.3920402,73.8817992,A001,Nothing,
1774917573411,488169632523,200014.0,Kaushi@oksbi,SUCCESS,2026-03-31T00:39:33.411Z,15.39224922725736,73.88188365060402,iPhone 17 Pro,Apple,
1774918315666,371236620979,50032.0,kekky327@okicici,SUCCESS,2026-03-31T00:51:55.666Z,15.3920402,73.8817992,A001,Nothing,
1774918650535,360842030208,8000.0,kaushik@okicici,SUCCESS,2026-03-31T00:57:30.535Z,15.3920515,73.881798,23028RN4DI,Redmi,
1774919111921,729607359625,50000.0,kaushik@okokok,SUCCESS,2026-03-31T01:05:11.921Z,15.3920422,73.8817996,A001,Nothing,
1774919141930,665247719508,51000.0,kaushik@okokok,SUCCESS,2026-03-31T01:05:41.930Z,15.3920422,73.8817996,A001,Nothing,
1774919141967,540254280022,50000.0,kaushik@okokok,SUCCESS,2026-03-31T01:05:41.967Z,15.3920422,73.8817996,A001,Nothing,
1774919141967,194146581908,51000.0,kaushik@okokok,SUCCESS,2026-03-31T01:05:41.967Z,15.3920422,73.8817996,A001,Nothing,
1774919141966,665150221501,51000.0,kaushik@okokok,SUCCESS,2026-03-31T01:05:41.966Z,15.3920422,73.8817996,A001,Nothing,
1774919141968,363730185939,51000.0,kaushik@okokok,SUCCESS,2026-03-31T01:05:41.968Z,15.3920422,73.8817996,A001,Nothing,
1774919141968,682498396509,50000.0,kaushik@okokok,SUCCESS,2026-03-31T01:05:41.968Z,15.3920422,73.8817996,A001,Nothing,
1774919171938,963062099734,51000.0,kaushik@okokok,SUCCESS,2026-03-31T01:06:11.938Z,15.3920422,73.8817996,A001,Nothing,
1774919350932,803160558404,51000.0,kaushik@okokok,SUCCESS,2026-03-31T01:09:10.932Z,15.3920422,73.8817996,A001,Nothing,
1774919380984,331842838780,1008000.0,kaushik@okokok,SUCCESS,2026-03-31T01:09:40.984Z,15.3920422,73.8817996,A001,Nothing,
1774919380942,139728920136,100800000.0,kaushik@okokok,SUCCESS,2026-03-31T01:09:40.942Z,15.3920422,73.8817996,A001,Nothing,
1774919420484,453941748587,1.0,ella@okicic,SUCCESS,2026-03-31T01:10:20.484Z,15.3920433,73.8818009,23028RN4DI,Redmi,
1774919569543,496630818270,50.0,john@okaxis,SUCCESS,2026-03-31T01:12:49.543Z,15.39223395975551,73.88188610828439,iPhone 17 Pro,Apple,
1774919905549,243459473848,10054.0,hsiskdmd,SUCCESS,2026-03-31T01:18:25.549Z,15.3920414,73.8818015,M2003J15SC,Redmi,
1774919905966,761125008242,10054.0,hsiskdmd,SUCCESS,2026-03-31T01:18:25.966Z,15.3920414,73.8818015,M2003J15SC,Redmi,
1774919945356,537264407343,10000.0,hsiskdmd,SUCCESS,2026-03-31T01:19:05.356Z,15.3920415,73.8817999,M2003J15SC,Redmi,
1774920181412,536883559641,100800.0,kaushik@okokok,SUCCESS,2026-03-31T01:23:01.413Z,15.3920422,73.8817996,A001,Nothing,
1774920211448,830918983111,10000.0,kausk@okokok,SUCCESS,2026-03-31T01:23:31.448Z,15.3920422,73.8817996,A001,Nothing,
1774920211417,357342804376,10000.0,kausk@okokok,SUCCESS,2026-03-31T01:23:31.417Z,15.3920422,73.8817996,A001,Nothing,
1774920490565,453442001933,10000.0,kausk@okokok,SUCCESS,2026-03-31T01:28:10.565Z,15.3920422,73.8817996,A001,Nothing,
1774920520570,337201733575,10000.0,kausk@okokok,SUCCESS,2026-03-31T01:28:40.570Z,15.3920422,73.8817996,A001,Nothing,
1774920520608,381643487276,10000.0,kausk@okokok,SUCCESS,2026-03-31T01:28:40.608Z,15.3920422,73.8817996,A001,Nothing,
1774920665737,177339405037,10000.0,kausk@okokok,SUCCESS,2026-03-31T01:31:05.737Z,15.3920422,73.8817996,A001,Nothing,
1774920887846,103814505916,10000.0,kausk@okokok,SUCCESS,2026-03-31T01:34:47.846Z,15.3920422,73.8817996,A001,Nothing,
1774923287351,483470952736,10000.0,shivam@upi,SUCCESS,2026-03-31T02:14:47.351Z,15.3920375,73.8818022,A001,Nothing,
1774927323490,924696634067,20.0,pr@upi,SUCCESS,2026-03-31T03:22:03.490Z,15.3920372,73.8818015,A001,Nothing,
1774927323555,553407669875,20.0,pr@upi,SUCCESS,2026-03-31T03:22:03.555Z,15.3920372,73.8818015,A001,Nothing,
1774927353465,712723128470,20.0,pr@upi,SUCCESS,2026-03-31T03:22:33.465Z,15.3920372,73.8818015,A001,Nothing,
1774927383470,888376837377,20.0,pr@upi,SUCCESS,2026-03-31T03:23:03.470Z,15.3920372,73.8818015,A001,Nothing,
1774927383469,879937441627,20.0,pr@upi,SUCCESS,2026-03-31T03:23:03.469Z,15.3920372,73.8818015,A001,Nothing,
1774927413470,687337147759,20.0,pr@upi,SUCCESS,2026-03-31T03:23:33.470Z,15.3920372,73.8818015,A001,Nothing,
1774928180206,440611679294,20.0,pr@upi,SUCCESS,2026-03-31T03:36:20.206Z,15.3920372,73.8818015,A001,Nothing,
1774928210211,177248426776,20.0,kpr@upi,SUCCESS,2026-03-31T03:36:50.211Z,15.3920372,73.8818015,A001,Nothing,
1774928240205,276441791352,20.0,kpr@upi,SUCCESS,2026-03-31T03:37:20.205Z,15.3920372,73.8818015,A001,Nothing,
1774928325932,264567123320,10000.0,kpr@upi,SUCCESS,2026-03-31T03:38:45.932Z,15.3920372,73.8818015,A001,Nothing,
1774931367991,169492575489,12000.0,pop@123,SUCCESS,2026-03-31T04:29:27.991Z,15.3920388,73.8818023,A001,Nothing,
1774931399394,798632290354,12000.0,pop@123,SUCCESS,2026-03-31T04:29:59.394Z,15.3920388,73.8818023,A001,Nothing,
1774931402156,566365761887,12000.0,pop@123,SUCCESS,2026-03-31T04:30:02.156Z,15.3920388,73.8818023,A001,Nothing,
1774931429430,272328675246,12000.0,pop@123,SUCCESS,2026-03-31T04:30:29.430Z,15.3920388,73.8818023,A001,Nothing,
1774931429394,422476277203,12000.0,pop@123,SUCCESS,2026-03-31T04:30:29.394Z,15.3920388,73.8818023,A001,Nothing,
1774931481325,974956982743,12000.0,pop@1223,SUCCESS,2026-03-31T04:31:21.325Z,15.3920388,73.8818023,A001,Nothing,
1774931511324,459945952395,12000.0,pop@1223,SUCCESS,2026-03-31T04:31:51.324Z,15.3920388,73.8818023,A001,Nothing,
1774931541338,287083566318,12000.0,pop@1223,SUCCESS,2026-03-31T04:32:21.338Z,15.3920388,73.8818023,A001,Nothing,
1774933242477,550801520256,1000000.0,me@1234,SUCCESS,2026-03-31T05:00:42.477Z,15.39225102421099,73.88187786251542,iPhone 17 Pro,Apple,
1774933253841,997738388980,1000000.0,me@1234,SUCCESS,2026-03-31T05:00:53.841Z,15.39225102421099,73.88187786251542,iPhone 17 Pro,Apple,
1774933261308,725092066965,1000000.0,me@1234,SUCCESS,2026-03-31T05:01:01.308Z,15.392251037022026,73.88187786749627,iPhone 17 Pro,Apple,
1774933269262,342895297572,1000000.0,me@1234,SUCCESS,2026-03-31T05:01:09.262Z,15.392251043286857,73.88187786993198,iPhone 17 Pro,Apple,
1774933379536,590806458723,1000000.0,me@1234,SUCCESS,2026-03-31T05:02:59.536Z,15.392251386134436,73.88188079088978,iPhone 17 Pro,Apple,
1774933388431,751306146158,1000000.0,me@1234,SUCCESS,2026-03-31T05:03:08.431Z,15.392251386134436,73.88188079088978,iPhone 17 Pro,Apple,
1774933395799,879331541008,1000000.0,me@1234,SUCCESS,2026-03-31T05:03:15.799Z,15.392251337342252,73.88188035297206,iPhone 17 Pro,Apple,
1774933486051,965634066530,1000000.0,me@1234,SUCCESS,2026-03-31T05:04:46.051Z,15.392251293238097,73.88188002054561,iPhone 17 Pro,Apple,
1774933498295,563494904657,1000000.0,me@123,SUCCESS,2026-03-31T05:04:58.295Z,15.39225122851288,73.88187942191622,iPhone 17 Pro,Apple,
1774933506846,491065101527,1000000.0,me@123,SUCCESS,2026-03-31T05:05:06.846Z,15.392252348343364,73.8818872688244,iPhone 17 Pro,Apple,
1774933510713,221347947326,1000000.0,me@123,SUCCESS,2026-03-31T05:05:10.713Z,15.39225214378127,73.88188577589156,iPhone 17 Pro,Apple,
1774933623715,514218220707,250.0,me@123,SUCCESS,2026-03-31T05:07:03.715Z,15.39225212257165,73.88188575250734,iPhone 17 Pro,Apple,
1774933644582,144336973597,250.0,me@1237,SUCCESS,2026-03-31T05:07:24.582Z,15.392251850442944,73.88188373275992,iPhone 17 Pro,Apple,
1774933659783,977738537121,100000.0,me@1237,SUCCESS,2026-03-31T05:07:39.783Z,15.392251688393694,73.88188253002548,iPhone 17 Pro,Apple,
1774933840281,851990523655,100000.0,me@1237,SUCCESS,2026-03-31T05:10:40.281Z,15.392251378186083,73.88188029717688,iPhone 17 Pro,Apple,
1774933848793,534619125118,1.0,me@1237,SUCCESS,2026-03-31T05:10:48.793Z,15.392251378186083,73.88188029717688,iPhone 17 Pro,Apple,
1774933865825,516537589053,1.0,me@1298,SUCCESS,2026-03-31T05:11:05.825Z,15.392251139080772,73.88187865372774,iPhone 17 Pro,Apple,
1774933881275,439069986362,1.0,me@12982,SUCCESS,2026-03-31T05:11:21.275Z,15.39225113124244,73.88187857527885,iPhone 17 Pro,Apple,
1774933894963,699543654110,2154.0,me@12982,SUCCESS,2026-03-31T05:11:34.963Z,15.39225111084598,73.88187837114356,iPhone 17 Pro,Apple,
1774934842626,952358752260,50.0,me@random,SUCCESS,2026-03-31T05:27:22.626Z,15.392252049663886,73.88188522223429,iPhone 17 Pro,Apple,
1774934888540,598351902759,100000.0,me@random,SUCCESS,2026-03-31T05:28:08.540Z,15.392251917885243,73.8818842427223,iPhone 17 Pro,Apple,
1774934901659,615738360248,100000.0,me@random,SUCCESS,2026-03-31T05:28:21.659Z,15.39225191788524,73.88188424272226,iPhone 17 Pro,Apple,
1774939150534,657237856186,100000.0,me@random,SUCCESS,2026-03-31T06:39:10.534Z,15.392247334187262,73.8818851678022,iPhone 17 Pro,Apple,
1774939183030,776651235167,10000.0,me@random1,SUCCESS,2026-03-31T06:39:43.030Z,15.392247937109136,73.8818839884501,iPhone 17 Pro,Apple,
1774939190265,261820289737,10000.0,me@random1,SUCCESS,2026-03-31T06:39:50.265Z,15.392247937109136,73.8818839884501,iPhone 17 Pro,Apple,
1774939195847,700281793472,10000.0,me@random1,SUCCESS,2026-03-31T06:39:55.847Z,15.392248360975586,73.88188315934137,iPhone 17 Pro,Apple,
1774939202349,463270548914,10000.0,me@random1,SUCCESS,2026-03-31T06:40:02.349Z,15.39224836097845,73.88188315933577,iPhone 17 Pro,Apple,
1774939205617,426999510446,10000.0,me@random1,SUCCESS,2026-03-31T06:40:05.617Z,15.392248685559178,73.881882524436,iPhone 17 Pro,Apple,
1774944358571,923758702471,10000.0,me@random1,SUCCESS,2026-03-31T08:05:58.571Z,,,iPhone 17 Pro,Apple,
1774944364637,878391439042,10000.0,me@random1,SUCCESS,2026-03-31T08:06:04.637Z,,,iPhone 17 Pro,Apple,
1774947338264,174101229692,6000000.0,kj@123,SUCCESS,2026-03-31T08:55:38.264Z,15.3920387,73.8818023,A001,Nothing,False
1774947387894,560685730710,1500000.0,kj@123,SUCCESS,2026-03-31T08:56:27.894Z,15.3920387,73.8818023,A001,Nothing,True
1774947417936,793348753165,1500000.0,kj@123,SUCCESS,2026-03-31T08:56:57.936Z,15.3920387,73.8818023,A001,Nothing,True
1774947417897,435092305480,1500000.0,kj@123,SUCCESS,2026-03-31T08:56:57.897Z,15.3920387,73.8818023,A001,Nothing,True
1774947469326,581823210552,5000000.0,kj@123,SUCCESS,2026-03-31T08:57:49.326Z,15.3920387,73.8818023,A001,Nothing,False
1774947499326,820332967302,4000000.0,kj@123,SUCCESS,2026-03-31T08:58:19.326Z,15.3920387,73.8818023,A001,Nothing,False
1774947529330,284699470484,3000000.0,kj@1223,SUCCESS,2026-03-31T08:58:49.330Z,15.3920387,73.8818023,A001,Nothing,False
1774947570238,357209483977,1000000.0,kj@1223,SUCCESS,2026-03-31T08:59:30.238Z,15.3920387,73.8818023,A001,Nothing,False
1774947600246,930399091442,999999.0,kj@1223,SUCCESS,2026-03-31T09:00:00.246Z,15.3920387,73.8818023,A001,Nothing,False
1774947600247,910688117665,999999.0,kj@1223,SUCCESS,2026-03-31T09:00:00.247Z,15.3920387,73.8818023,A001,Nothing,False
1774947630245,976783093265,5000001.0,kj@1223,SUCCESS,2026-03-31T09:00:30.245Z,15.3920387,73.8818023,A001,Nothing,False
1774947684013,450423251146,4999999.0,kj@1225,SUCCESS,2026-03-31T09:01:24.013Z,15.3920387,73.8818023,A001,Nothing,False
1774947714029,135626040656,49999.0,kj@1225,SUCCESS,2026-03-31T09:01:54.029Z,15.3920387,73.8818023,A001,Nothing,True
1774947744029,542398498890,49999.0,kj@1225,SUCCESS,2026-03-31T09:02:24.029Z,15.3920387,73.8818023,A001,Nothing,True
1774948157792,959500990671,235.0,hxfghbb,SUCCESS,2026-03-31T09:09:17.792Z,15.3920387,73.8818023,A001,Nothing,True
1774948192344,976362918555,235.0,hxfghbb,SUCCESS,2026-03-31T09:09:52.344Z,15.3920387,73.8818023,A001,Nothing,True
1774948342526,442980257657,1250.0,me@runnnn,SUCCESS,2026-03-31T09:12:22.526Z,,,iPhone 17 Pro,Apple,True
1774948563819,963765024985,235.0,hxfghbb,SUCCESS,2026-03-31T09:16:03.819Z,15.3920387,73.8818023,A001,Nothing,True
1774954024293,580432339917,100, hhhc@133,SUCCESS,2026-03-31T10:47:04.293Z,15.3921916,73.8817663,A001,Nothing
1774954689249,441170919211,1000,jabs@124,SUCCESS,2026-03-31T10:58:09.249Z,15.3921879,73.8817597,A001,Nothing
1774954897678,852536802574,1285,jdh@hdj,SUCCESS,2026-03-31T11:01:37.678Z,,,iPhone 17 Pro,Apple
